<?xml version="1.0" encoding="UTF-8"?>

<document repository="default" id="Task2348">
  <system>
    <type>RouteNode</type>
    <path>pv/Task2348</path>
    <lifecycle-state>validated</lifecycle-state>
    <lifecycle-policy>documentRouteElement</lifecycle-policy>
    <facet>facet-var_Task2348</facet>
    <access-control/>
  </system>
  <schema xmlns:dc="http://www.nuxeo.org/ecm/schemas/dublincore/" name="dublincore">
    <dc:creator/>
    <dc:source/>
    <dc:nature/>
    <dc:contributors/>
    <dc:created/>
    <dc:description/>
    <dc:rights/>
    <dc:subjects/>
    <dc:publisher/>
    <dc:valid/>
    <dc:format/>
    <dc:issued/>
    <dc:modified/>
    <dc:language/>
    <dc:coverage/>
    <dc:expired/>
    <dc:lastContributor/>
    <dc:title><![CDATA[Evaluate optional fifth]]></dc:title>
  </schema>
  <schema xmlns:var_Task2348="http://www.nuxeo.org/ecm/project/schemas/project1-t/var_Task2348" name="var_Task2348"></schema>
  <schema xmlns:common="http://www.nuxeo.org/ecm/schemas/common/" name="common">
    <common:icon/>
    <common:icon-expanded/>
    <common:size/>
  </schema>
  <schema xmlns:rnode="http://www.nuxeo.org/ecm/schemas/route_node/" name="route_node">
    <rnode:lastActor/>
    <rnode:canceled/>
    <rnode:taskLayout/>
    <rnode:taskButtons/>
    <rnode:executeOnlyFirstTransition><![CDATA[false]]></rnode:executeOnlyFirstTransition>
    <rnode:stop><![CDATA[false]]></rnode:stop>
    <rnode:button/>
    <rnode:taskDocType/>
    <rnode:start><![CDATA[false]]></rnode:start>
    <rnode:startDate/>
    <rnode:taskNotificationTemplate/>
    <rnode:transitions>
      <transition>
        <chain><![CDATA[]]></chain>
        <condition><![CDATA[WorkflowVariables["Last_needed"] or WorkflowVariables["manualLastNeeded"]]]></condition>
        <name><![CDATA[to_endTask2348]]></name>
        <targetId><![CDATA[Task23ea]]></targetId>
        <label><![CDATA[to_end]]></label>
      </transition>
      <transition>
        <chain><![CDATA[]]></chain>
        <condition><![CDATA[(WorkflowVariables["Last_needed"] == false) and (WorkflowVariables["manualLastNeeded"] == false)]]></condition>
        <name><![CDATA[to_last_stateTask2348]]></name>
        <targetId><![CDATA[Taskaf8]]></targetId>
        <label><![CDATA[to_last_state]]></label>
      </transition>
    </rnode:transitions>
    <rnode:nodeId><![CDATA[Task2348]]></rnode:nodeId>
    <rnode:hasMultipleTasks/>
    <rnode:outputChain><![CDATA[]]></rnode:outputChain>
    <rnode:merge/>
    <rnode:subRouteVariables/>
    <rnode:taskAssignees/>
    <rnode:taskAssigneesExpr/>
    <rnode:taskY><![CDATA[140]]></rnode:taskY>
    <rnode:count/>
    <rnode:taskX><![CDATA[680]]></rnode:taskX>
    <rnode:taskAssigneesPermission/>
    <rnode:subRouteInstanceId/>
    <rnode:taskDueDateExpr/>
    <rnode:variablesFacet><![CDATA[facet-var_Task2348]]></rnode:variablesFacet>
    <rnode:tasksInfo/>
    <rnode:endDate/>
    <rnode:allowTaskReassignment/>
    <rnode:taskDueDate/>
    <rnode:inputChain><![CDATA[]]></rnode:inputChain>
    <rnode:taskDescription/>
    <rnode:hasTask><![CDATA[false]]></rnode:hasTask>
    <rnode:taskDirective/>
    <rnode:subRouteModelExpr/>
    <rnode:escalationRules/>
  </schema>
</document>
