<?xml version="1.0" encoding="UTF-8"?>

<document repository="default" id="Task454">
  <system>
    <type>RouteNode</type>
    <path>pv/Task454</path>
    <lifecycle-state>validated</lifecycle-state>
    <lifecycle-policy>documentRouteElement</lifecycle-policy>
    <facet>facet-var_Task454</facet>
    <access-control/>
  </system>
  <schema xmlns:dc="http://www.nuxeo.org/ecm/schemas/dublincore/" name="dublincore">
    <dc:creator/>
    <dc:source/>
    <dc:nature/>
    <dc:contributors/>
    <dc:created/>
    <dc:description/>
    <dc:rights/>
    <dc:subjects/>
    <dc:publisher/>
    <dc:valid/>
    <dc:format/>
    <dc:issued/>
    <dc:modified/>
    <dc:language/>
    <dc:coverage/>
    <dc:expired/>
    <dc:lastContributor/>
    <dc:title><![CDATA[Initialize_wf]]></dc:title>
  </schema>
  <schema xmlns:common="http://www.nuxeo.org/ecm/schemas/common/" name="common">
    <common:icon/>
    <common:icon-expanded/>
    <common:size/>
  </schema>
  <schema xmlns:rnode="http://www.nuxeo.org/ecm/schemas/route_node/" name="route_node">
    <rnode:lastActor/>
    <rnode:canceled/>
    <rnode:taskLayout/>
    <rnode:taskButtons/>
    <rnode:executeOnlyFirstTransition><![CDATA[false]]></rnode:executeOnlyFirstTransition>
    <rnode:stop><![CDATA[false]]></rnode:stop>
    <rnode:button/>
    <rnode:taskDocType/>
    <rnode:start><![CDATA[false]]></rnode:start>
    <rnode:startDate/>
    <rnode:taskNotificationTemplate/>
    <rnode:transitions>
      <transition>
        <chain><![CDATA[]]></chain>
        <condition><![CDATA[WorkflowVariables["First_needed"]]]></condition>
        <name><![CDATA[start_first_levelTask454]]></name>
        <targetId><![CDATA[Task1fa1]]></targetId>
        <label><![CDATA[start_first_level]]></label>
      </transition>
      <transition>
        <chain><![CDATA[]]></chain>
        <condition><![CDATA[WorkflowVariables["First_needed"] == false]]></condition>
        <name><![CDATA[start_second_levelTask454]]></name>
        <targetId><![CDATA[Task20e5]]></targetId>
        <label><![CDATA[start_second_level]]></label>
      </transition>
    </rnode:transitions>
    <rnode:nodeId><![CDATA[Task454]]></rnode:nodeId>
    <rnode:hasMultipleTasks/>
    <rnode:outputChain><![CDATA[]]></rnode:outputChain>
    <rnode:merge/>
    <rnode:subRouteVariables/>
    <rnode:taskAssignees/>
    <rnode:taskAssigneesExpr/>
    <rnode:taskY><![CDATA[140]]></rnode:taskY>
    <rnode:count/>
    <rnode:taskX><![CDATA[20]]></rnode:taskX>
    <rnode:taskAssigneesPermission/>
    <rnode:subRouteInstanceId/>
    <rnode:taskDueDateExpr/>
    <rnode:variablesFacet><![CDATA[facet-var_Task454]]></rnode:variablesFacet>
    <rnode:tasksInfo/>
    <rnode:endDate/>
    <rnode:allowTaskReassignment/>
    <rnode:taskDueDate/>
    <rnode:inputChain><![CDATA[PV-InitializeCommentAndLock]]></rnode:inputChain>
    <rnode:taskDescription/>
    <rnode:hasTask><![CDATA[false]]></rnode:hasTask>
    <rnode:taskDirective/>
    <rnode:subRouteModelExpr/>
    <rnode:escalationRules/>
  </schema>
  <schema xmlns:var_Task454="http://www.nuxeo.org/ecm/project/schemas/project1-t/var_Task454" name="var_Task454"></schema>
</document>
