<?xml version="1.0" encoding="UTF-8"?>

<document repository="default" id="Task20e5">
  <system>
    <type>RouteNode</type>
    <path>pv/Task20e5</path>
    <lifecycle-state>validated</lifecycle-state>
    <lifecycle-policy>documentRouteElement</lifecycle-policy>
    <facet>facet-var_Task20e5</facet>
    <access-control/>
  </system>
  <schema xmlns:dc="http://www.nuxeo.org/ecm/schemas/dublincore/" name="dublincore">
    <dc:creator/>
    <dc:source/>
    <dc:nature/>
    <dc:contributors/>
    <dc:created/>
    <dc:description><![CDATA[Thank you for validating the document]]></dc:description>
    <dc:rights/>
    <dc:subjects/>
    <dc:publisher/>
    <dc:valid/>
    <dc:format/>
    <dc:issued/>
    <dc:modified/>
    <dc:language/>
    <dc:coverage/>
    <dc:expired/>
    <dc:lastContributor/>
    <dc:title><![CDATA[Accept/ Reject Second level]]></dc:title>
  </schema>
  <schema xmlns:common="http://www.nuxeo.org/ecm/schemas/common/" name="common">
    <common:icon/>
    <common:icon-expanded/>
    <common:size/>
  </schema>
  <schema xmlns:var_Task20e5="http://www.nuxeo.org/ecm/project/schemas/project1-t/var_Task20e5" name="var_Task20e5">
    <var_Task20e5:assignees/>
  </schema>
  <schema xmlns:rnode="http://www.nuxeo.org/ecm/schemas/route_node/" name="route_node">
    <rnode:lastActor/>
    <rnode:canceled/>
    <rnode:taskLayout><![CDATA[Task20e5@taskLayout]]></rnode:taskLayout>
    <rnode:taskButtons>
      <button>
        <name><![CDATA[reject]]></name>
        <label><![CDATA[reject]]></label>
        <filter/>
      </button>
      <button>
        <name><![CDATA[validate]]></name>
        <label><![CDATA[validate]]></label>
        <filter/>
      </button>
    </rnode:taskButtons>
    <rnode:executeOnlyFirstTransition><![CDATA[true]]></rnode:executeOnlyFirstTransition>
    <rnode:stop><![CDATA[false]]></rnode:stop>
    <rnode:button/>
    <rnode:taskDocType/>
    <rnode:start><![CDATA[false]]></rnode:start>
    <rnode:startDate/>
    <rnode:taskNotificationTemplate><![CDATA[workflowTaskAssignedProjectFile]]></rnode:taskNotificationTemplate>
    <rnode:transitions>
	  <transition>
        <chain><![CDATA[PV-Approved]]></chain>
        <condition><![CDATA[WorkflowVariables["imputation"] == "01"]]></condition>
        <name><![CDATA[validateTask20e5autmatic]]></name>
        <targetId><![CDATA[Task2215]]></targetId>
        <label><![CDATA[validate]]></label>
      </transition>
      <transition>
        <chain><![CDATA[PV-Approved]]></chain>
        <condition><![CDATA[NodeVariables["button"] =="validate"]]></condition>
        <name><![CDATA[validateTask20e5]]></name>
        <targetId><![CDATA[Task2215]]></targetId>
        <label><![CDATA[validate]]></label>
      </transition>
      <transition>
        <chain><![CDATA[PV-CancelAndUnlock]]></chain>
        <condition><![CDATA[NodeVariables["button"] =="reject"]]></condition>
        <name><![CDATA[rejectTask20e5]]></name>
        <targetId><![CDATA[stop-node]]></targetId>
        <label><![CDATA[reject]]></label>
      </transition>
    </rnode:transitions>
    <rnode:nodeId><![CDATA[Task20e5]]></rnode:nodeId>
    <rnode:hasMultipleTasks><![CDATA[false]]></rnode:hasMultipleTasks>
    <rnode:outputChain/>
    <rnode:merge/>
    <rnode:subRouteVariables/>
    <rnode:taskAssignees/>
    <rnode:taskAssigneesExpr><![CDATA[WorkflowVariables["secondLevel"]]]></rnode:taskAssigneesExpr>
    <rnode:taskY><![CDATA[280]]></rnode:taskY>
    <rnode:count/>
    <rnode:taskX><![CDATA[400]]></rnode:taskX>
    <rnode:taskAssigneesPermission/>
    <rnode:subRouteInstanceId/>
    <rnode:taskDueDateExpr/>
    <rnode:variablesFacet><![CDATA[facet-var_Task20e5]]></rnode:variablesFacet>
    <rnode:tasksInfo/>
    <rnode:endDate/>
    <rnode:allowTaskReassignment><![CDATA[false]]></rnode:allowTaskReassignment>
    <rnode:taskDueDate/>
    <rnode:inputChain/>
    <rnode:taskDescription/>
    <rnode:hasTask><![CDATA[true]]></rnode:hasTask>
    <rnode:taskDirective><![CDATA[Validation]]></rnode:taskDirective>
    <rnode:subRouteModelExpr/>
    <rnode:escalationRules/>
  </schema>
</document>
